Workbook

Sheet Итог
A1: Вводные данные
A2: N | B2: 1000
A3: MDE | B3: 1000
A4: Итоговые результаты
A5: Прирост выручки | B5: =SUM(positive!P2:P18) -> 264018.2
A6: Падение выручки | B6: =SUM(negative!P2:P4) -> -25217.04
A7: Баланс | B7: =B5+B6 -> 238801.16
A8: Количество наблюдений | B8: =SUM(neutral!P2:P32) -> 3800.4981

Sheet negative
B1: city | C1: id_trading_point | D1: count_test | E1: count_control | F1: count_all | G1: percent_count | H1: avg_payment_test | I1: avg_payment_control | J1: diff | K1: sigma_test | L1: sigma_control | M1: ttest | N1: pvalue_ttest | O1: flag_res | P1: rev
A2: 15 | B2: Волгоград | C2: 66 | D2: 657 | E2: 703 | F2: 1360 | G2: 3 | H2: 2288.87 | I2: 2601.76 | J2: -312.89 | K2: 2682.57 | L2: 2830.19 | M2: -2.09 | N2: 0.037 | O2: negative | P2: =J2*Итог!$B$2*negative!G2% -> -9386.7
A3: 24 | B3: Краснодар | C3: 1101 | D3: 785 | E3: 869 | F3: 1654 | G3: 3.6 | H3: 2176 | I3: 2523.58 | J3: -347.58 | K3: 2722.62 | L3: 2960.35 | M3: -2.48 | N3: 0.013 | O3: negative | P3: =J3*Итог!$B$2*negative!G3% -> -12512.88
A4: 46 | B4: Москва | C4: 9931 | D4: 153 | E4: 137 | F4: 290 | G4: 0.6 | H4: 1415.78 | I4: 1968.69 | J4: -552.91 | K4: 2038.16 | L4: 2403.4 | M4: -2.12 | N4: 0.035 | O4: negative | P4: =J4*Итог!$B$2*negative!G4% -> -3317.46

Sheet neutral
B1: city | C1: id_trading_point | D1: count_test | E1: count_control | F1: count_all | G1: percent_count | H1: avg_payment_test | I1: avg_payment_control | J1: diff | K1: sigma_test | L1: sigma_control | M1: ttest | N1: pvalue_ttest | O1: flag_res | P1: n
A2: 2 | B2: Санкт-Петербург | C2: 112 | D2: 652 | E2: 683 | F2: 1335 | G2: 2.9 | H2: 2488.12 | I2: 2218.64 | J2: 269.48 | K2: 2778.18 | L2: 2780.79 | M2: 1.77 | N2: 0.077 | O2: neutral | P2: =(4*(MIN(K2:L2))/(Итог!$B$3))^2 -> 123.49255
A3: 3 | B3: Москва | C3: 3786 | D3: 237 | E3: 278 | F3: 515 | G3: 1.1 | H3: 2613.68 | I3: 2688.23 | J3: -74.55 | K3: 2712.24 | L3: 3292.94 | M3: -0.28 | N3: 0.782 | O3: neutral | P3: =(4*(MIN(K3:L3))/(Итог!$B$3))^2 -> 117.69993
A4: 5 | B4: Саратов | C4: 80 | D4: 844 | E4: 880 | F4: 1724 | G4: 3.8 | H4: 2517.33 | I4: 2511.97 | J4: 5.36 | K4: 2797.12 | L4: 2824.72 | M4: 0.04 | N4: 0.968 | O4: neutral | P4: =(4*(MIN(K4:L4))/(Итог!$B$3))^2 -> 125.18208
A5: 6 | B5: Тольятти | C5: 88 | D5: 190 | E5: 167 | F5: 357 | G5: 0.8 | H5: 2902.41 | I5: 2439.46 | J5: 462.95 | K5: 3074.65 | L5: 2689.34 | M5: 1.5 | N5: 0.133 | O5: neutral | P5: =(4*(MIN(K5:L5))/(Итог!$B$3))^2 -> 115.72079
A6: 8 | B6: Мурманск | C6: 55 | D6: 422 | E6: 425 | F6: 847 | G6: 1.9 | H6: 2109.11 | I6: 2111.27 | J6: -2.16 | K6: 2790.99 | L6: 2804.22 | M6: -0.01 | N6: 0.991 | O6: neutral | P6: =(4*(MIN(K6:L6))/(Итог!$B$3))^2 -> 124.634
A7: 9 | B7: Красноярск | C7: 212 | D7: 593 | E7: 575 | F7: 1168 | G7: 2.6 | H7: 2144.32 | I7: 2222.05 | J7: -77.73 | K7: 2708.59 | L7: 2785.12 | M7: -0.48 | N7: 0.629 | O7: neutral | P7: =(4*(MIN(K7:L7))/(Итог!$B$3))^2 -> 117.38336
A8: 10 | B8: Казань | C8: 477 | D8: 382 | E8: 386 | F8: 768 | G8: 1.7 | H8: 2259.62 | I8: 2496.99 | J8: -237.37 | K8: 3482.85 | L8: 3881.99 | M8: -0.89 | N8: 0.373 | O8: neutral | P8: =(4*(MIN(K8:L8))/(Итог!$B$3))^2 -> 194.08391
A9: 11 | B9: Санкт-Петербург | C9: 309 | D9: 240 | E9: 238 | F9: 478 | G9: 1.1 | H9: 2706.28 | I9: 2392.89 | J9: 313.39 | K9: 2814.94 | L9: 2761.94 | M9: 1.23 | N9: 0.22 | O9: neutral | P9: =(4*(MIN(K9:L9))/(Итог!$B$3))^2 -> 122.053
A10: 12 | B10: Казань | C10: 439 | D10: 355 | E10: 351 | F10: 706 | G10: 1.6 | H10: 2481.96 | I10: 2400.64 | J10: 81.32 | K10: 4040.44 | L10: 3722.12 | M10: 0.28 | N10: 0.781 | O10: neutral | P10: =(4*(MIN(K10:L10))/(Итог!$B$3))^2 -> 221.66684
A11: 13 | B11: Санкт-Петербург | C11: 576 | D11: 630 | E11: 657 | F11: 1287 | G11: 2.8 | H11: 1594.44 | I11: 1342.13 | J11: 252.31 | K11: 2683.73 | L11: 2415.82 | M11: 1.77 | N11: 0.076 | O11: neutral | P11: =(4*(MIN(K11:L11))/(Итог!$B$3))^2 -> 93.37898
A12: 17 | B12: Красноярск | C12: 277 | D12: 708 | E12: 709 | F12: 1417 | G12: 3.1 | H12: 2285.75 | I12: 2431.37 | J12: -145.62 | K12: 2712.68 | L12: 2868.59 | M12: -0.98 | N12: 0.326 | O12: neutral | P12: =(4*(MIN(K12:L12))/(Итог!$B$3))^2 -> 117.73812
A13: 19 | B13: Москва | C13: 3987 | D13: 801 | E13: 785 | F13: 1586 | G13: 3.5 | H13: 1603 | I13: 1639.86 | J13: -36.86 | K13: 2518.83 | L13: 2686.32 | M13: -0.28 | N13: 0.778 | O13: neutral | P13: =(4*(MIN(K13:L13))/(Итог!$B$3))^2 -> 101.51207
... A32: 50 | B32: Сочи | C32: 73 | D32: 187 | E32: 167 | F32: 354 | G32: 0.8 | H32: 2092.18 | I32: 2521.96 | J32: -429.78 | K32: 2530.27 | L32: 2875.46 | M32: -1.5 | N32: 0.136 | O32: neutral | P32: =(4*(MIN(K32:L32))/(Итог!$B$3))^2 -> 102.43626

Sheet positive
B1: city | C1: id_trading_point | D1: count_test | E1: count_control | F1: count_all | G1: percent_count | H1: avg_payment_test | I1: avg_payment_control | J1: diff | K1: sigma_test | L1: sigma_control | M1: ttest | N1: pvalue_ttest | O1: flag_res | P1: rev
A2: 0 | B2: Санкт-Петербург | C2: 453 | D2: 1066 | E2: 1049 | F2: 2115 | G2: 4.7 | H2: 2501.97 | I2: 1889.92 | J2: 612.05 | K2: 2993.44 | L2: 2648.66 | M2: 4.98 | N2: 0 | O2: positive | P2: =J2*Итог!$B$2*G2% -> 28766.35
A3: 1 | B3: Москва | C3: 2652 | D3: 2273 | E3: 2370 | F3: 4643 | G3: 10.2 | H3: 2506.62 | I3: 1972.85 | J3: 533.77 | K3: 2842.18 | L3: 2565.88 | M3: 6.72 | N3: 0 | O3: positive | P3: =J3*Итог!$B$2*G3% -> 54444.54
A4: 4 | B4: Санкт-Петербург | C4: 117 | D4: 625 | E4: 587 | F4: 1212 | G4: 2.7 | H4: 2582.3 | I4: 2050.69 | J4: 531.61 | K4: 2835 | L4: 2595.74 | M4: 3.4 | N4: 0.001 | O4: positive | P4: =J4*Итог!$B$2*G4% -> 14353.47
A5: 7 | B5: Владимир | C5: 11 | D5: 509 | E5: 608 | F5: 1117 | G5: 2.5 | H5: 2547.22 | I5: 2108.61 | J5: 438.61 | K5: 3023.7 | L5: 2663.04 | M5: 2.58 | N5: 0.01 | O5: positive | P5: =J5*Итог!$B$2*G5% -> 10965.25
A6: 14 | B6: Самара | C6: 33 | D6: 232 | E6: 258 | F6: 490 | G6: 1.1 | H6: 4598.22 | I6: 2311.39 | J6: 2286.83 | K6: 2931.23 | L6: 2371.77 | M6: 9.53 | N6: 0 | O6: positive | P6: =J6*Итог!$B$2*G6% -> 25155.13
A7: 16 | B7: Москва | C7: 1287 | D7: 370 | E7: 357 | F7: 727 | G7: 1.6 | H7: 2128.56 | I7: 1394.66 | J7: 733.9 | K7: 2437.38 | L7: 2338.46 | M7: 4.14 | N7: 0 | O7: positive | P7: =J7*Итог!$B$2*G7% -> 11742.4
A8: 18 | B8: Москва | C8: 1654 | D8: 799 | E8: 775 | F8: 1574 | G8: 3.5 | H8: 3132.3 | I8: 2507.89 | J8: 624.41 | K8: 3199.66 | L8: 2950.51 | M8: 4.02 | N8: 0 | O8: positive | P8: =J8*Итог!$B$2*G8% -> 21854.35
A9: 27 | B9: Санкт-Петербург | C9: 900 | D9: 335 | E9: 341 | F9: 676 | G9: 1.5 | H9: 2450.99 | I9: 1689.79 | J9: 761.2 | K9: 2865.61 | L9: 2492.47 | M9: 3.69 | N9: 0 | O9: positive | P9: =J9*Итог!$B$2*G9% -> 11418
A10: 29 | B10: Казань | C10: 991 | D10: 270 | E10: 294 | F10: 564 | G10: 1.2 | H10: 3249.28 | I10: 2452.99 | J10: 796.29 | K10: 4719.59 | L10: 3633.94 | M10: 2.26 | N10: 0.025 | O10: positive | P10: =J10*Итог!$B$2*G10% -> 9555.48
A11: 30 | B11: Самара | C11: 34 | D11: 225 | E11: 253 | F11: 478 | G11: 1.1 | H11: 3104.51 | I11: 1752.61 | J11: 1351.9 | K11: 2956.83 | L11: 2529.7 | M11: 5.39 | N11: 0 | O11: positive | P11: =J11*Итог!$B$2*G11% -> 14870.9
A12: 32 | B12: Санкт-Петербург | C12: 213 | D12: 232 | E12: 255 | F12: 487 | G12: 1.1 | H12: 2977.63 | I12: 2277.61 | J12: 700.02 | K12: 2905.49 | L12: 2710.04 | M12: 2.75 | N12: 0.006 | O12: positive | P12: =J12*Итог!$B$2*G12% -> 7700.22
A13: 33 | B13: Самара | C13: 35 | D13: 214 | E13: 194 | F13: 408 | G13: 0.9 | H13: 2762.22 | I13: 1508.84 | J13: 1253.38 | K13: 2977.08 | L13: 2184.81 | M13: 4.81 | N13: 0 | O13: positive | P13: =J13*Итог!$B$2*G13% -> 11280.42
... A18: 47 | B18: Самара | C18: 36 | D18: 131 | E18: 141 | F18: 272 | G18: 0.6 | H18: 1987.33 | I18: 860.42 | J18: 1126.91 | K18: 2718.5 | L18: 1840.83 | M18: 4.03 | N18: 0 | O18: positive | P18: =J18*Итог!$B$2*G18% -> 6761.46
